{"events":[{"storedBy":"admin","dueDate":"2023-11-29T17:18:55.549","program":"dPNAzfaYz4e","href":"http://localhost:8081/api/events/oCWF2zfq6ZX","event":"oCWF2zfq6ZX","programStage":"I4pe52OYiNS","orgUnit":"qzhHj2BJsMX","status":"COMPLETED","orgUnitName":"GN1","eventDate":"2023-11-01T00:00:00.000","attributeCategoryOptions":"xYerKDKCefk","lastUpdated":"2023-11-29T17:18:55.572","created":"2023-11-29T17:18:55.559","completedDate":"2023-11-29T00:00:00.000","deleted":false,"attributeOptionCombo":"HllvX50cXC0","completedBy":"admin","dataValues":[{"lastUpdated":"2023-11-29T17:18:55.565","storedBy":"admin","created":"2023-11-29T17:18:55.565","dataElement":"OXXpeUqLryp","value":"Gunawardhana","providedElsewhere":false},{"lastUpdated":"2023-11-29T17:18:55.565","storedBy":"admin","created":"2023-11-29T17:18:55.565","dataElement":"P2T75hKyE4l","value":"Silva","providedElsewhere":false},{"lastUpdated":"2023-11-29T17:18:55.565","storedBy":"admin","created":"2023-11-29T17:18:55.565","dataElement":"jc0LABQPhOn","value":"true","providedElsewhere":false},{"lastUpdated":"2023-11-29T17:18:55.565","storedBy":"admin","created":"2023-11-29T17:18:55.565","dataElement":"pg4TmJyQgGT","value":"John","providedElsewhere":false},{"lastUpdated":"2023-11-29T17:18:55.566","storedBy":"admin","created":"2023-11-29T17:18:55.566","dataElement":"XRcV3VfK4cY","value":"1990-01-01","providedElsewhere":false},{"lastUpdated":"2023-11-29T17:18:55.566","storedBy":"admin","created":"2023-11-29T17:18:55.566","dataElement":"giN6DRnx0Z9","value":"true","providedElsewhere":false},{"lastUpdated":"2023-11-29T17:18:55.566","storedBy":"admin","created":"2023-11-29T17:18:55.566","dataElement":"kAKroC6WGON","value":"Gonnaduwa facility","providedElsewhere":false},{"lastUpdated":"2023-11-29T17:18:55.566","storedBy":"admin","created":"2023-11-29T17:18:55.566","dataElement":"E45QoIvx0TU","value":"Male","providedElsewhere":false}],"notes":[]},{"storedBy":"admin","dueDate":"2023-11-29T17:17:39.899","program":"dPNAzfaYz4e","href":"http://localhost:8081/api/events/WuLRcSZQqXh","event":"WuLRcSZQqXh","programStage":"I4pe52OYiNS","orgUnit":"qzhHj2BJsMX","status":"COMPLETED","orgUnitName":"GN1","eventDate":"2023-11-02T00:00:00.000","attributeCategoryOptions":"xYerKDKCefk","lastUpdated":"2023-11-29T17:17:39.924","created":"2023-11-29T17:17:39.908","completedDate":"2023-11-29T00:00:00.000","deleted":false,"attributeOptionCombo":"HllvX50cXC0","completedBy":"admin","dataValues":[{"lastUpdated":"2023-11-29T17:17:39.915","storedBy":"admin","created":"2023-11-29T17:17:39.915","dataElement":"OXXpeUqLryp","value":"Siriwardhana","providedElsewhere":false},{"lastUpdated":"2023-11-29T17:17:39.915","storedBy":"admin","created":"2023-11-29T17:17:39.915","dataElement":"P2T75hKyE4l","value":"Senevirathne","providedElsewhere":false},{"lastUpdated":"2023-11-29T17:17:39.915","storedBy":"admin","created":"2023-11-29T17:17:39.915","dataElement":"jc0LABQPhOn","value":"true","providedElsewhere":false},{"lastUpdated":"2023-11-29T17:17:39.915","storedBy":"admin","created":"2023-11-29T17:17:39.915","dataElement":"pg4TmJyQgGT","value":"Dharshitha","providedElsewhere":false},{"lastUpdated":"2023-11-29T17:17:39.915","storedBy":"admin","created":"2023-11-29T17:17:39.915","dataElement":"XRcV3VfK4cY","value":"1989-06-21","providedElsewhere":false},{"lastUpdated":"2023-11-29T17:17:39.915","storedBy":"admin","created":"2023-11-29T17:17:39.915","dataElement":"giN6DRnx0Z9","value":"false","providedElsewhere":false},{"lastUpdated":"2023-11-29T17:17:39.915","storedBy":"admin","created":"2023-11-29T17:17:39.915","dataElement":"kAKroC6WGON","value":"Baduraliya Facility","providedElsewhere":false},{"lastUpdated":"2023-11-29T17:17:39.915","storedBy":"admin","created":"2023-11-29T17:17:39.915","dataElement":"E45QoIvx0TU","value":"Male","providedElsewhere":false}],"notes":[]},{"storedBy":"admin","dueDate":"2023-11-29T17:16:22.765","program":"dPNAzfaYz4e","href":"http://localhost:8081/api/events/e2iryFhsHat","event":"e2iryFhsHat","programStage":"I4pe52OYiNS","orgUnit":"qzhHj2BJsMX","status":"COMPLETED","orgUnitName":"GN1","eventDate":"2023-11-01T00:00:00.000","attributeCategoryOptions":"xYerKDKCefk","lastUpdated":"2023-11-29T17:16:22.840","created":"2023-11-29T17:16:22.782","completedDate":"2023-11-29T00:00:00.000","deleted":false,"attributeOptionCombo":"HllvX50cXC0","completedBy":"admin","dataValues":[{"lastUpdated":"2023-11-29T17:16:22.804","storedBy":"admin","created":"2023-11-29T17:16:22.804","dataElement":"OXXpeUqLryp","value":"Siriwardhana","providedElsewhere":false},{"lastUpdated":"2023-11-29T17:16:22.804","storedBy":"admin","created":"2023-11-29T17:16:22.804","dataElement":"P2T75hKyE4l","value":"Emmanuel","providedElsewhere":false},{"lastUpdated":"2023-11-29T17:16:22.822","storedBy":"admin","created":"2023-11-29T17:16:22.822","dataElement":"jc0LABQPhOn","value":"true","providedElsewhere":false},{"lastUpdated":"2023-11-29T17:16:22.804","storedBy":"admin","created":"2023-11-29T17:16:22.804","dataElement":"pg4TmJyQgGT","value":"Emmanuel","providedElsewhere":false},{"lastUpdated":"2023-11-29T17:16:22.822","storedBy":"admin","created":"2023-11-29T17:16:22.822","dataElement":"XRcV3VfK4cY","value":"1989-06-21","providedElsewhere":false},{"lastUpdated":"2023-11-29T17:16:22.822","storedBy":"admin","created":"2023-11-29T17:16:22.822","dataElement":"giN6DRnx0Z9","value":"true","providedElsewhere":false},{"lastUpdated":"2023-11-29T17:16:22.822","storedBy":"admin","created":"2023-11-29T17:16:22.822","dataElement":"kAKroC6WGON","value":"Baduraliya Facility","providedElsewhere":false},{"lastUpdated":"2023-11-29T17:16:22.822","storedBy":"admin","created":"2023-11-29T17:16:22.822","dataElement":"E45QoIvx0TU","value":"Male","providedElsewhere":false}],"notes":[]}]}